{"TimeStamp":"Thu Nov 28 08:32:08 2024\n","Circuits":{"ExitCode":"0","TraceCount":"119","Mode":"SPICE","Type":"TIFullMode","Models":[{"ModelName":"BZX84C9V1\/PLP","FileName":"c:\\cadence\\pspiceti\\tools\\pspice\\library\\cdn_psp_tipspice.lib","ModelType":".model","DeviceType":"d","Source":"FROM_INC","isLibSigned":"true","isAllowed":"true"},{"ModelName":"X_D1.BAT85","FileName":"c:\\cadence\\pspiceti\\tools\\pspice\\library\\cdn_psp_tipspice.lib","ModelType":".model","DeviceType":"d","Source":"FROM_INC","isLibSigned":"true","isAllowed":"true"},{"ModelName":"BFT93","FileName":"c:\\cadence\\pspiceti\\tools\\pspice\\library\\cdn_psp_tipspice.lib","ModelType":".model","DeviceType":"q","Source":"FROM_INC","isLibSigned":"true","isAllowed":"true"},{"ModelName":"X_Q10.BFQ65","FileName":"c:\\cadence\\pspiceti\\tools\\pspice\\library\\cdn_psp_tipspice.lib","ModelType":".model","DeviceType":"q","Source":"FROM_INC","isLibSigned":"true","isAllowed":"true"},{"ModelName":"X_Q11.BFQ65","FileName":"c:\\cadence\\pspiceti\\tools\\pspice\\library\\cdn_psp_tipspice.lib","ModelType":".model","DeviceType":"q","Source":"FROM_INC","isLibSigned":"true","isAllowed":"true"},{"ModelName":"X_Q12.BFQ65","FileName":"c:\\cadence\\pspiceti\\tools\\pspice\\library\\cdn_psp_tipspice.lib","ModelType":".model","DeviceType":"q","Source":"FROM_INC","isLibSigned":"true","isAllowed":"true"},{"ModelName":"X_Q13.BFQ65","FileName":"c:\\cadence\\pspiceti\\tools\\pspice\\library\\cdn_psp_tipspice.lib","ModelType":".model","DeviceType":"q","Source":"FROM_INC","isLibSigned":"true","isAllowed":"true"},{"ModelName":"X_Q20.BFQ65","FileName":"c:\\cadence\\pspiceti\\tools\\pspice\\library\\cdn_psp_tipspice.lib","ModelType":".model","DeviceType":"q","Source":"FROM_INC","isLibSigned":"true","isAllowed":"true"},{"ModelName":"X_Q21.BFQ65","FileName":"c:\\cadence\\pspiceti\\tools\\pspice\\library\\cdn_psp_tipspice.lib","ModelType":".model","DeviceType":"q","Source":"FROM_INC","isLibSigned":"true","isAllowed":"true"},{"ModelName":"X_U1.NFET","FileName":"c:\\cds_spb_home\\cdssetup\\psptilibdir\\opa659.lib","ModelType":".model","DeviceType":"j","Source":"FROM_INC","isLibSigned":"true","isAllowed":"true"},{"ModelName":"X_U1.NPN","FileName":"c:\\cds_spb_home\\cdssetup\\psptilibdir\\opa659.lib","ModelType":".model","DeviceType":"q","Source":"FROM_INC","isLibSigned":"true","isAllowed":"true"},{"ModelName":"X_U1.PNP","FileName":"c:\\cds_spb_home\\cdssetup\\psptilibdir\\opa659.lib","ModelType":".model","DeviceType":"q","Source":"FROM_INC","isLibSigned":"true","isAllowed":"true"},{"ModelName":"X_U2.DD2","FileName":"c:\\cds_spb_home\\cdssetup\\psptilibdir\\ucc25600_trans.lib","ModelType":".model","DeviceType":"d","Source":"FROM_INC","isLibSigned":"true","isAllowed":"true"}]}}