{"TimeStamp":"Thu Nov 21 09:32:23 2024\n","Circuits":{"ExitCode":"0","TraceCount":"96","Mode":"SPICE","Type":"TIFullMode","Models":[{"ModelName":"BZX84C9V1\/PLP","FileName":"c:\\cadence\\pspiceti\\tools\\pspice\\library\\cdn_psp_tipspice.lib","ModelType":".model","DeviceType":"d","Source":"FROM_INC","isLibSigned":"true","isAllowed":"true"},{"ModelName":"X_D1.BAT85","FileName":"c:\\cadence\\pspiceti\\tools\\pspice\\library\\cdn_psp_tipspice.lib","ModelType":".model","DeviceType":"d","Source":"FROM_INC","isLibSigned":"true","isAllowed":"true"},{"ModelName":"IRF153","FileName":"c:\\cadence\\pspiceti\\tools\\pspice\\library\\cdn_psp_tipspice.lib","ModelType":".model","DeviceType":"m","Source":"FROM_INC","isLibSigned":"true","isAllowed":"true"},{"ModelName":"BFT93","FileName":"c:\\cadence\\pspiceti\\tools\\pspice\\library\\cdn_psp_tipspice.lib","ModelType":".model","DeviceType":"q","Source":"FROM_INC","isLibSigned":"true","isAllowed":"true"},{"ModelName":"X_Q10.BFQ65","FileName":"c:\\cadence\\pspiceti\\tools\\pspice\\library\\cdn_psp_tipspice.lib","ModelType":".model","DeviceType":"q","Source":"FROM_INC","isLibSigned":"true","isAllowed":"true"},{"ModelName":"X_Q11.BFQ65","FileName":"c:\\cadence\\pspiceti\\tools\\pspice\\library\\cdn_psp_tipspice.lib","ModelType":".model","DeviceType":"q","Source":"FROM_INC","isLibSigned":"true","isAllowed":"true"},{"ModelName":"X_Q12.BFQ65","FileName":"c:\\cadence\\pspiceti\\tools\\pspice\\library\\cdn_psp_tipspice.lib","ModelType":".model","DeviceType":"q","Source":"FROM_INC","isLibSigned":"true","isAllowed":"true"},{"ModelName":"X_Q13.BFQ65","FileName":"c:\\cadence\\pspiceti\\tools\\pspice\\library\\cdn_psp_tipspice.lib","ModelType":".model","DeviceType":"q","Source":"FROM_INC","isLibSigned":"true","isAllowed":"true"},{"ModelName":"X_Q5.BFQ65","FileName":"c:\\cadence\\pspiceti\\tools\\pspice\\library\\cdn_psp_tipspice.lib","ModelType":".model","DeviceType":"q","Source":"FROM_INC","isLibSigned":"true","isAllowed":"true"},{"ModelName":"X_Q6.BFQ65","FileName":"c:\\cadence\\pspiceti\\tools\\pspice\\library\\cdn_psp_tipspice.lib","ModelType":".model","DeviceType":"q","Source":"FROM_INC","isLibSigned":"true","isAllowed":"true"},{"ModelName":"X_U2.X_U1.DVN","FileName":"c:\\cds_spb_home\\cdssetup\\psptilibdir\\opa2994.lib","ModelType":".model","DeviceType":"d","Source":"FROM_INC","isLibSigned":"true","isAllowed":"true"},{"ModelName":"X_U2.X_U2.DVNF","FileName":"c:\\cds_spb_home\\cdssetup\\psptilibdir\\opa2994.lib","ModelType":".model","DeviceType":"d","Source":"FROM_INC","isLibSigned":"true","isAllowed":"true"},{"ModelName":"X_U2.X_U3.DVNF","FileName":"c:\\cds_spb_home\\cdssetup\\psptilibdir\\opa2994.lib","ModelType":".model","DeviceType":"d","Source":"FROM_INC","isLibSigned":"true","isAllowed":"true"},{"ModelName":"X_U1.NFET","FileName":"c:\\cds_spb_home\\cdssetup\\psptilibdir\\opa659.lib","ModelType":".model","DeviceType":"j","Source":"FROM_INC","isLibSigned":"true","isAllowed":"true"},{"ModelName":"X_U1.NPN","FileName":"c:\\cds_spb_home\\cdssetup\\psptilibdir\\opa659.lib","ModelType":".model","DeviceType":"q","Source":"FROM_INC","isLibSigned":"true","isAllowed":"true"},{"ModelName":"X_U1.PNP","FileName":"c:\\cds_spb_home\\cdssetup\\psptilibdir\\opa659.lib","ModelType":".model","DeviceType":"q","Source":"FROM_INC","isLibSigned":"true","isAllowed":"true"}]}}